{
    "loss": [
        0.21547457575798035,
        0.09251084923744202,
        0.05469447746872902,
        0.032209042459726334,
        0.018753351643681526
    ],
    "accuracy": [
        0.9172887206077576,
        0.9685417413711548,
        0.9822047352790833,
        0.9906691312789917,
        0.9928019046783447
    ],
    "val_loss": [
        0.1322515606880188,
        0.12671595811843872,
        0.13775774836540222,
        0.16162636876106262,
        0.17601211369037628
    ],
    "val_accuracy": [
        0.9557451605796814,
        0.9568114876747131,
        0.9562783241271973,
        0.9586777091026306,
        0.9584110975265503
    ]
}