{
    "loss": [
        0.21824896335601807,
        0.10783753544092178,
        0.07619603723287582,
        0.0491793267428875,
        0.029079504311084747
    ],
    "accuracy": [
        0.9085215330123901,
        0.96235591173172,
        0.9744153618812561,
        0.9842094779014587,
        0.9900059700012207
    ],
    "val_loss": [
        0.13069209456443787,
        0.12853606045246124,
        0.11770537495613098,
        0.13841740787029266,
        0.16104070842266083
    ],
    "val_accuracy": [
        0.9568345546722412,
        0.9560351967811584,
        0.9602984189987183,
        0.9600319862365723,
        0.9632294178009033
    ]
}