{
    "loss": [
        0.2201538234949112,
        0.11229509115219116,
        0.07842925935983658,
        0.049321141093969345,
        0.028831055387854576
    ],
    "accuracy": [
        0.9099873304367065,
        0.9644879698753357,
        0.9740822315216064,
        0.9837430715560913,
        0.9904057383537292
    ],
    "val_loss": [
        0.11013945192098618,
        0.09827961027622223,
        0.09799851477146149,
        0.10746543109416962,
        0.15629687905311584
    ],
    "val_accuracy": [
        0.9621636271476746,
        0.9632294178009033,
        0.9661604166030884,
        0.9685584902763367,
        0.9621636271476746
    ]
}