{
    "loss": [
        0.20642058551311493,
        0.09129223972558975,
        0.0520947240293026,
        0.0266036968678236,
        0.016365554183721542
    ],
    "accuracy": [
        0.9190882444381714,
        0.9690749049186707,
        0.9832044839859009,
        0.9920687675476074,
        0.99480140209198
    ],
    "val_loss": [
        0.13168735802173615,
        0.12367169559001923,
        0.14589673280715942,
        0.16422829031944275,
        0.18165120482444763
    ],
    "val_accuracy": [
        0.95814448595047,
        0.9586777091026306,
        0.9594774842262268,
        0.9608104228973389,
        0.9613436460494995
    ]
}