{
    "loss": [
        0.2436896413564682,
        0.17094430327415466,
        0.1535678654909134,
        0.13904185593128204,
        0.12618370354175568
    ],
    "accuracy": [
        0.8961955904960632,
        0.9329735636711121,
        0.939769446849823,
        0.9456326365470886,
        0.951029360294342
    ],
    "val_loss": [
        0.1810096651315689,
        0.16489972174167633,
        0.1542847454547882,
        0.15210598707199097,
        0.15478582680225372
    ],
    "val_accuracy": [
        0.9299226999282837,
        0.9360511302947998,
        0.9400479793548584,
        0.9421795606613159,
        0.9432454109191895
    ]
}