{
    "loss": [
        0.24032147228717804,
        0.1652834117412567,
        0.14879220724105835,
        0.12398285418748856,
        0.10950552672147751
    ],
    "accuracy": [
        0.9023593664169312,
        0.9349507093429565,
        0.9423487186431885,
        0.9526792764663696,
        0.9572780728340149
    ],
    "val_loss": [
        0.1808970421552658,
        0.1672157347202301,
        0.16297781467437744,
        0.16654151678085327,
        0.17470726370811462
    ],
    "val_accuracy": [
        0.9285523891448975,
        0.9368168711662292,
        0.9389495849609375,
        0.9384164214134216,
        0.9373500347137451
    ]
}