{
    "loss": [
        0.2566669285297394,
        0.1709335893392563,
        0.1565714329481125,
        0.14184236526489258,
        0.1246148943901062
    ],
    "accuracy": [
        0.8894663453102112,
        0.9337064623832703,
        0.9378373026847839,
        0.9462988972663879,
        0.9509627819061279
    ],
    "val_loss": [
        0.17876997590065002,
        0.16521964967250824,
        0.1522732377052307,
        0.146271750330925,
        0.15164493024349213
    ],
    "val_accuracy": [
        0.9296562671661377,
        0.9389821290969849,
        0.9424460530281067,
        0.945110559463501,
        0.9405808448791504
    ]
}