{
    "loss": [
        0.2563638985157013,
        0.1763036549091339,
        0.15017902851104736,
        0.12989893555641174,
        0.11030367761850357
    ],
    "accuracy": [
        0.8913623094558716,
        0.9298853874206543,
        0.9405491948127747,
        0.9485470652580261,
        0.956411600112915
    ],
    "val_loss": [
        0.17067520320415497,
        0.1680431067943573,
        0.14951753616333008,
        0.1455923169851303,
        0.14335498213768005
    ],
    "val_accuracy": [
        0.9298853874206543,
        0.9269528388977051,
        0.9370834231376648,
        0.9424153566360474,
        0.9418821930885315
    ]
}